enzyme,pdb,organism,recognition,cut,isoschizomers
BsaI,,Bacillus stearothermophilus 20241,5' GGTCTC 3' CCAGAG,5' ---GGTCTCN NNNN--- 3' 3' ---CCAGAGNNNNN --- 5',"Bso31I, BspTNI, Eco31I"
Bsa29I,,Bacillus sp. 29,5' ATCGAT 3' TAGCTA,5' ---AT CGAT--- 3' 3' ---TAGC TA--- 5',"AagI, BanIII, BavCI, BseCI, BspDI, Bsu15I, BsuTUI, ClaI, BbvAII"
BsaAI,,Bacillus stearothermophilus G668,5' YACGTR 3' RTGCAY,5' ---YAC GTR--- 3' 3' ---RTG CAY--- 5',
BsaBI,,Bacillus stearothermophilus B674,5' GATN4ATC 3' CTAN4TAG,5' ---GATNN NNATC--- 3' 3' ---CTANN NNTAG--- 5',
BsaHI,,Bacillus stearothermophilus CPW11,5' GRCGYC 3' CYGCRG,5' ---GR CGYC--- 3' 3' ---CYGC RG--- 5',"AcyI, AhaII, AosII, AstWI, AsuIII, BbiII, BstACI, HgiI, PamII"
BsaJI,,Bacillus stearothermophilus J695,5' CCNNGG 3' GGNNCC,5' ---C CNNGG--- 3' 3' ---GGNNC C--- 5',
BsaMI,,Bacillus stearothermophilus M293,5' GAATGC 3' CTTACG,5' ---GAATGCN --- 3' 3' ---CTTAC GN--- 5',"Asp26HI, Asp35HI, Asp36HI, Asp50HI, BsaMI, BsmI, Mva1269I"
BsaOI,,Bacillus stearothermophilus O-122,5' CGRYCG 3' GCYRGC,5' ---CGRY CG--- 3' 3' ---GC YRGC--- 5',
BsaWI,,Bacillus stearothermophilus W1718,5' WCCGGW 3' WGGCCW,5' ---W CCGGW--- 3' 3' ---WGGCC W--- 5',
BsaXI,,Bacillus stearothermophilus 25B,5' ACN5CTCC 3' TGN5GAGG,5' ---ACN5CTCCN6NNNN --- 3' 3' ---TGN5GAGGN6N NNN--- 5',
